-0.219,-0.057,1.005
-0.211,-0.055,0.979
-0.201,-0.057,0.973
-0.203,-0.063,0.969
-0.198,-0.069,0.966
-0.218,-0.07,0.988
-0.223,-0.072,0.991
-0.213,-0.064,1.011
-0.213,-0.062,1.028
-0.2,-0.05,0.989
-0.198,-0.052,0.968
-0.204,-0.068,0.999
-0.218,-0.088,1.012
-0.206,-0.082,0.97
-0.192,-0.067,0.931
-0.199,-0.069,0.935
-0.216,-0.08,0.964
-0.224,-0.075,0.967
-0.206,-0.059,0.971
-0.2,-0.048,0.96
-0.203,-0.06,0.967
-0.231,-0.08,1.011
-0.225,-0.077,1.01
-0.216,-0.068,0.991
-0.2,-0.063,0.956
-0.21,-0.089,0.952
-0.23,-0.084,1.002
-0.225,-0.051,1.009
-0.202,-0.043,0.95
-0.206,-0.068,0.955
-0.209,-0.086,0.965
-0.203,-0.072,0.956
-0.208,-0.063,0.951
-0.207,-0.075,0.961
-0.214,-0.118,1.006
-0.221,-0.095,1.042
-0.208,-0.046,1.022
-0.187,-0.05,1.029
-0.211,-0.088,1.048
-0.187,-0.116,1.011
-0.158,-0.102,0.943
-0.155,-0.088,0.996
-0.155,-0.09,1.059
-0.146,-0.1,1.137
-0.124,-0.098,1.162
-0.125,-0.079,1.182
-0.119,-0.116,1.194
-0.107,-0.145,1.174
-0.132,-0.125,1.195
-0.149,-0.081,1.234
-0.136,-0.08,1.197
-0.109,-0.101,1.139
-0.101,-0.096,1.149
-0.111,-0.085,1.167
-0.128,-0.067,1.184
-0.135,-0.091,1.192
-0.125,-0.087,1.19
-0.104,-0.071,1.181
-0.104,-0.031,1.143
-0.065,-0.056,1.051
-0.007,-0.106,0.932
0.036,-0.157,0.903
0.038,-0.148,0.92
0.058,-0.171,0.945
0.061,-0.178,1.002
0.063,-0.156,1.019
0.049,-0.177,1.026
0.052,-0.194,0.969
0.067,-0.161,0.904
0.083,-0.106,0.861
0.105,-0.072,0.813
0.091,-0.124,0.724
0.126,-0.158,0.645
0.16,-0.155,0.539
0.184,-0.167,0.444
0.204,-0.192,0.379
0.193,-0.218,0.357
0.169,-0.221,0.379
0.137,-0.223,0.475
0.099,-0.183,0.588
0.074,-0.099,0.673
0.075,-0.015,0.694
0.065,-0.052,0.725
0.056,-0.095,0.75
0.061,-0.111,0.786
0.042,-0.077,0.808
0.021,-0.057,0.858
-0.014,-0.06,0.895
-0.02,-0.066,0.894
-0.018,-0.061,0.913
-0.034,-0.136,0.983
-0.079,-0.213,0.984
-0.115,-0.237,1.033
-0.122,-0.19,1.073
-0.114,-0.135,1.083
-0.142,-0.139,1.122
-0.214,-0.236,1.144
-0.228,-0.147,1.167
-0.136,-0.111,1.111
-0.091,-0.053,1.137
-0.153,-0.056,1.136
-0.192,-0.111,1.218
-0.179,-0.151,1.27
-0.194,-0.08,1.252
-0.179,-0.022,1.264
-0.18,-0.077,1.245
-0.19,-0.07,1.207
-0.178,-0.05,1.169
-0.194,-0.105,1.151
-0.172,-0.107,1.109
-0.148,-0.074,1.093
-0.129,-0.071,1.037
-0.088,-0.082,0.98
-0.055,-0.086,0.967
-0.057,-0.07,1.007
-0.053,-0.073,1.04
-0.05,-0.146,1.052
-0.045,-0.223,1.079
-0.031,-0.207,1.068
-0.021,-0.173,1.095
-0.031,-0.136,1.168
-0.047,-0.11,1.25
-0.087,-0.105,1.27
-0.09,-0.07,1.263
-0.081,-0.071,1.244
-0.078,-0.096,1.241
-0.06,-0.123,1.212
-0.051,-0.155,1.184
-0.063,-0.153,1.189
-0.055,-0.131,1.18
-0.065,-0.131,1.146
-0.072,-0.099,1.108
-0.09,-0.099,1.098
-0.102,-0.104,1.083
-0.101,-0.106,1.02
-0.089,-0.08,0.949
-0.081,-0.051,0.931
-0.114,-0.036,0.956
-0.13,-0.02,1.004
-0.143,0.015,1.034
-0.15,0,1.052
-0.133,-0.1,0.972
-0.087,-0.131,0.869
-0.041,-0.139,0.771
-0.046,-0.073,0.766
-0.062,-0.067,0.787
-0.066,-0.109,0.799
-0.049,-0.147,0.711
-0.01,-0.135,0.648
0.009,-0.134,0.639
0.015,-0.148,0.666
0.015,-0.129,0.708
0.014,-0.11,0.752
0.02,-0.111,0.785
0.037,-0.118,0.757
0.051,-0.131,0.765
0.052,-0.139,0.771
0.036,-0.139,0.838
0.022,-0.154,0.884
0.011,-0.138,0.914
-0.003,-0.122,0.938
-0.021,-0.134,0.972
-0.023,-0.134,0.957
-0.011,-0.108,0.936
-0.023,-0.123,0.933
-0.04,-0.135,0.937
-0.051,-0.095,0.999
-0.063,-0.074,1.022
-0.063,-0.07,1.002
-0.056,-0.046,0.976
-0.072,-0.022,1.015
-0.068,-0.003,1.076
-0.039,0.025,1.061
-0.108,-0.008,1.094
-0.067,-0.005,1.078
-0.081,0.016,1.027
-0.084,0.056,1.016
-0.103,0.071,1.028
-0.135,0.049,1.104
-0.141,0.064,1.095
-0.101,0.067,0.98
-0.064,0.077,0.87
-0.07,0.019,0.897
-0.114,-0.003,0.933
-0.145,0.015,1.01
-0.196,0.018,1.097
-0.235,-0.017,1.204
-0.239,-0.027,1.216
-0.194,-0.008,1.187
-0.207,-0.016,1.194
-0.22,-0.016,1.198
-0.206,-0.029,1.182
-0.188,-0.05,1.167
-0.173,-0.067,1.137
-0.159,-0.071,1.095
-0.148,-0.084,1.07
-0.125,-0.059,1.071
-0.15,-0.048,1.099
-0.19,-0.062,1.144
-0.181,-0.029,1.111
-0.162,0.006,1.089
-0.152,0.014,1.087
-0.146,0.012,1.085
-0.148,0.03,1.089
-0.148,0.03,1.083
-0.154,-0.019,1.079
-0.166,-0.037,1.104
-0.179,-0.003,1.135
-0.184,-0.015,1.16
-0.161,-0.053,1.154
-0.144,-0.051,1.14
-0.157,-0.028,1.131
-0.158,0.004,1.121
-0.167,0.027,1.129
-0.166,0.021,1.132
-0.123,0.024,1.086
-0.083,0.021,1.018
-0.047,0.008,0.951
-0.022,-0.007,0.926
-0.047,0.018,1.003
-0.067,0.051,1.065
-0.082,0.046,1.074
-0.078,0.006,1.047
-0.056,0.006,1.01
-0.042,0.025,1.017
-0.054,0.005,1.034
-0.062,-0.032,1.011
-0.074,-0.063,0.966
-0.068,-0.077,0.906
-0.048,-0.098,0.853
-0.03,-0.105,0.815
0,-0.076,0.749
0.033,-0.078,0.684
0.051,-0.132,0.648
0.064,-0.148,0.614
0.077,-0.157,0.614
0.077,-0.131,0.656
0.078,-0.102,0.692
0.06,-0.106,0.749
0.048,-0.094,0.807
0.048,-0.063,0.87
0.07,-0.055,0.856
0.07,-0.104,0.83
0.059,-0.105,0.855
0.042,-0.068,0.913
0.038,-0.067,0.927
0.03,-0.098,0.917
0.014,-0.106,0.91
0.01,-0.114,0.893
0.01,-0.114,0.854
0.008,-0.121,0.834
0.015,-0.129,0.784
0.01,-0.099,0.816
-0.031,-0.053,0.899
-0.06,0.011,0.891
-0.067,-0.004,0.857
-0.043,-0.082,0.809
-0.042,-0.076,0.818
-0.128,-0.048,0.947
-0.121,-0.013,1.126
-0.275,-0.042,1.236
-0.256,-0.012,1.206
-0.245,-0.046,1.132
-0.242,-0.155,1.085
-0.208,-0.229,1.052
-0.25,-0.122,1.065
-0.276,-0.032,1.125
-0.272,-0.096,1.22
-0.261,-0.179,1.245
-0.231,-0.135,1.262
-0.223,-0.154,1.261
-0.187,-0.104,1.238
-0.163,-0.067,1.207
-0.142,-0.081,1.167
-0.128,-0.119,1.121
-0.126,-0.139,1.132
-0.102,-0.104,1.124
-0.082,-0.063,1.105
-0.068,-0.039,1.125
-0.095,-0.034,1.205
-0.098,-0.022,1.303
-0.104,-0.036,1.343
-0.117,-0.02,1.363
-0.112,-0.034,1.379
-0.1,-0.052,1.341
-0.083,-0.104,1.252
-0.067,-0.108,1.182
-0.057,-0.16,1.112
-0.055,-0.134,1.094
-0.07,-0.112,1.084
-0.105,-0.116,1.11
-0.145,-0.053,1.207
-0.17,-0.013,1.247
-0.14,0.038,1.17
-0.134,0.076,1.112
-0.163,0.045,1.106
-0.185,-0.034,1.08
-0.172,-0.044,1.094
-0.153,-0.065,1.042
-0.155,-0.103,0.984
-0.16,-0.082,0.977
-0.161,-0.063,0.898
-0.139,0.013,0.796
-0.081,0.104,0.703
-0.055,-0.005,0.57
0.003,-0.131,0.439
0.022,-0.105,0.431
0.001,-0.044,0.526
-0.043,-0.019,0.592
-0.026,-0.058,0.57
-0.021,-0.116,0.546
-0.014,-0.196,0.521
-0.014,-0.21,0.521
-0.031,-0.12,0.63
-0.028,-0.047,0.69
-0.021,-0.044,0.683
-0.048,-0.073,0.723
-0.066,-0.091,0.786
-0.082,-0.132,0.838
-0.1,-0.132,0.878
-0.121,-0.108,0.938
-0.119,-0.098,0.983
-0.109,-0.109,0.941
-0.103,-0.126,0.971
-0.102,-0.061,1.002
-0.078,-0.014,1.034
-0.097,-0.058,1.042
-0.12,-0.037,1.092
-0.122,0.015,1.129
-0.138,0.014,1.124
-0.13,-0.009,1.12
-0.138,-0.034,1.099
-0.154,-0.032,1.135
-0.127,0.017,1.226
-0.187,-0.032,1.131
-0.163,-0.052,1.131
-0.145,-0.018,1.1
-0.177,0.024,1.145
-0.186,0.026,1.111
-0.193,0.031,1.146
-0.2,0.043,1.119
-0.197,0.045,1.075
-0.219,0.043,1.104
-0.252,0.065,1.141
-0.229,0.103,1.098
-0.203,0.094,1.029
-0.207,0.037,0.983
-0.216,0.029,1.057
-0.216,0.049,1.123
-0.194,0.042,1.144
-0.171,0.03,1.183
-0.14,0.041,1.243
-0.104,0.067,1.27
-0.071,0.058,1.315
-0.048,0.076,1.378
-0.061,0.087,1.388
-0.086,0.056,1.404
-0.102,0.039,1.373
-0.111,0.015,1.34
-0.101,0.01,1.253
-0.121,-0.01,1.218
-0.151,-0.036,1.205
-0.171,-0.017,1.2
-0.204,-0.009,1.182
-0.207,0.021,1.122
-0.192,0.03,1.051
-0.18,0.015,0.953
-0.16,-0.01,0.879
-0.169,-0.063,0.864
-0.182,-0.045,0.884
-0.189,0,0.892
-0.188,0.012,0.893
-0.153,-0.011,0.816
-0.105,-0.032,0.729
-0.073,-0.071,0.677
-0.084,-0.06,0.73
-0.083,-0.037,0.75
-0.059,-0.045,0.703
-0.029,-0.086,0.631
-0.021,-0.108,0.606
-0.013,-0.086,0.631
-0.018,-0.116,0.621
-0.02,-0.137,0.64
-0.027,-0.136,0.668
-0.03,-0.119,0.705
-0.037,-0.13,0.708
-0.053,-0.112,0.735
-0.055,-0.102,0.813
-0.069,-0.065,0.848
-0.085,0.013,0.898
-0.084,0.003,0.885
-0.086,-0.054,0.917
-0.073,-0.073,0.908
-0.026,-0.044,0.866
-0.009,-0.042,0.846
-0.021,-0.045,0.891
-0.058,-0.039,1.036
-0.076,0.025,1.143
-0.086,0.086,1.143
-0.067,0.155,1.212
-0.076,0.009,1.112
-0.126,0.033,1.086
-0.122,0.05,1.044
-0.13,-0.125,1.108
-0.151,-0.274,1.109
-0.193,-0.159,1.197
-0.205,-0.052,1.265
-0.243,0.031,1.362
-0.26,0.096,1.409
-0.325,-0.439,1.514
-0.323,-0.274,1.417
-0.231,0.076,1.089
-0.132,0.066,1.064
-0.188,-0.031,1.162
-0.189,-0.064,1.139
-0.2,-0.043,1.122
-0.17,-0.014,1.092
-0.133,0.023,1.093
-0.168,0.065,1.137
-0.175,0.077,1.136
-0.17,-0.003,1.109
-0.157,-0.04,1.086
-0.132,-0.044,1.066
-0.104,-0.034,1.068
-0.093,-0.002,1.083
-0.077,0.029,1.069
-0.093,0.035,1.097
-0.088,0.018,1.112
-0.105,-0.007,1.153
-0.131,-0.026,1.215
-0.126,0.007,1.208
-0.119,0.018,1.176
-0.105,0.005,1.15
-0.073,-0.005,1.131
-0.037,-0.026,1.092
-0.051,-0.019,1.138
-0.063,0.072,1.183
-0.076,0.131,1.237
-0.093,0.127,1.227
-0.091,0.074,1.154
-0.065,0.023,1.031
-0.039,0.013,0.943
-0.014,0.024,0.911
0.008,-0.038,0.821
0.048,-0.103,0.734
0.069,-0.108,0.713
0.072,-0.068,0.719
0.076,-0.08,0.684
0.104,-0.117,0.653
0.115,-0.089,0.673
0.125,-0.063,0.682
0.137,-0.109,0.668
0.153,-0.164,0.638
0.16,-0.213,0.6
0.16,-0.241,0.634
0.149,-0.216,0.652
0.141,-0.227,0.663
0.134,-0.209,0.692
0.114,-0.211,0.707
0.088,-0.193,0.702
0.08,-0.176,0.682
0.07,-0.197,0.662
0.059,-0.128,0.701
0.047,-0.099,0.698
0.013,-0.065,0.729
-0.038,-0.068,0.82
-0.081,-0.009,0.869
-0.091,-0.039,0.873
-0.095,0.024,0.854
-0.121,0.051,0.902
-0.175,0.068,0.985
-0.212,0.159,1.053
-0.229,0.2,1.089
-0.24,0.189,1.039
-0.241,0.209,1.037
-0.412,0.225,1.206
-0.356,0.187,1.272
-0.24,0.217,1.189
-0.231,0.266,1.172
-0.222,0.28,1.205
-0.203,0.274,1.285
-0.215,0.213,1.312
-0.217,0.168,1.272
-0.2,0.142,1.225
-0.18,0.1,1.188
-0.167,-0.001,1.194
-0.159,-0.017,1.172
-0.123,0.037,1.144
-0.092,0.106,1.13
-0.089,0.151,1.146
-0.095,0.128,1.187
-0.122,0.06,1.204
-0.139,0.023,1.217
-0.161,0.021,1.234
-0.14,0.074,1.251
-0.159,0.084,1.229
-0.156,0.095,1.236
-0.162,0.069,1.229
-0.156,0.098,1.211
-0.147,0.113,1.212
-0.16,0.097,1.208
-0.16,0.092,1.206
-0.158,0.069,1.19
-0.143,0.075,1.17
-0.152,0.075,1.19
-0.165,0.113,1.237
-0.152,0.122,1.245
-0.115,0.118,1.176
-0.097,0.104,1.121
-0.088,0.118,1.119
-0.108,0.101,1.123
-0.119,0.046,1.097
-0.099,-0.016,1.025
-0.082,-0.008,0.947
-0.084,0.05,0.963
-0.1,0.041,0.971
-0.091,0.013,0.944
-0.081,0.009,0.892
-0.057,-0.009,0.81
-0.036,-0.018,0.728
-0.002,-0.056,0.663
0.021,-0.093,0.605
0.059,-0.068,0.585
0.076,-0.086,0.556
0.102,-0.146,0.532
0.085,-0.156,0.553
0.085,-0.121,0.638
0.071,-0.109,0.703
0.063,-0.108,0.745
0.066,-0.143,0.757
0.08,-0.126,0.766
0.086,-0.123,0.789
0.088,-0.137,0.808
0.084,-0.137,0.825
0.059,-0.12,0.843
0.037,-0.068,0.873
0.022,-0.019,0.866
0.004,0.001,0.852
-0.015,-0.019,0.857
-0.047,-0.058,0.839
-0.056,-0.019,0.816
-0.056,0.047,0.813
-0.05,0.127,0.826
-0.061,0.15,0.852
-0.073,0.118,0.846
-0.107,0.084,0.871
-0.137,0.085,0.956
-0.138,0.094,1.021
-0.129,0.149,1.052
-0.123,0.262,1.128
-0.146,0.278,1.187
-0.1,0.233,1.139
-0.243,0.057,1.117
-0.129,-0.021,0.997
-0.115,-0.047,0.908
-0.219,0.012,1.074
-0.309,0.113,1.234
-0.354,0.197,1.406
-0.392,0.197,1.497
-0.367,0.104,1.43
-0.34,0.05,1.321
-0.31,0.04,1.237
-0.278,0.016,1.187
-0.239,-0.008,1.149
-0.211,0.031,1.135
-0.177,0.1,1.124
-0.168,0.078,1.079
-0.171,0.021,1.101
-0.197,0.003,1.189
-0.187,-0.026,1.207
-0.135,0.021,1.167
-0.104,0.074,1.143
-0.081,0.101,1.151
-0.084,0.119,1.167
-0.108,0.085,1.19
-0.142,0.031,1.25
-0.165,0.059,1.28
-0.148,0.114,1.257
-0.161,0.117,1.283
-0.18,0.098,1.278
-0.162,0.054,1.249
-0.14,0.029,1.207
-0.16,-0.012,1.187
-0.188,-0.032,1.19
-0.204,-0.037,1.186
-0.233,-0.007,1.197
-0.227,0.005,1.165
-0.197,-0.021,1.084
-0.144,-0.043,0.979
-0.126,-0.052,0.922
-0.103,-0.036,0.907
-0.073,-0.062,0.833
-0.033,-0.092,0.772
0.009,-0.09,0.721
0.027,-0.087,0.676
0.033,-0.068,0.695
0.042,-0.053,0.732
0.06,-0.088,0.683
0.089,-0.113,0.655
0.114,-0.136,0.602
0.124,-0.19,0.576
0.104,-0.192,0.629
0.089,-0.155,0.671
0.082,-0.153,0.662
0.069,-0.214,0.654
0.049,-0.209,0.701
0.033,-0.147,0.783
0.021,-0.146,0.801
0.022,-0.142,0.797
0.006,-0.142,0.785
-0.021,-0.166,0.793
-0.054,-0.154,0.792
-0.081,-0.124,0.798
-0.078,-0.116,0.844
-0.064,-0.138,0.808
-0.046,-0.101,0.761
-0.057,-0.015,0.784
-0.082,0.028,0.833
-0.098,0.023,0.868
-0.115,0.008,0.906
-0.127,0.001,0.991
-0.145,0.053,1.122
-0.128,0.169,1.249
-0.103,0.235,1.264
-0.083,0.183,1.237
-0.118,0.06,1.239
-0.157,-0.039,1.265
-0.193,-0.065,1.257
-0.16,-0.072,1.119
-0.171,0.011,1.126
-0.162,0.074,1.149
-0.192,0.063,1.15
-0.187,0.008,1.101
-0.174,0.001,1.062
-0.168,0.018,1.063
-0.166,0.053,1.042
-0.169,0.084,1.032
-0.178,0.05,1.027
-0.186,0.014,1.046
-0.194,-0.016,1.082
-0.197,0.022,1.091
-0.215,0.004,1.085
-0.245,-0.016,1.15
-0.274,0.04,1.25
-0.281,0.089,1.283
-0.277,0.069,1.318
-0.255,0.076,1.336
-0.238,0.055,1.246
-0.222,0.027,1.158
-0.212,0.012,1.147
-0.214,0.006,1.184
-0.225,0.03,1.212
-0.188,0.076,1.159
-0.167,0.082,1.094
-0.173,0.043,1.029
-0.179,0.003,1.021
-0.173,0.003,1.021
-0.196,0.03,1.077
-0.224,0.063,1.131
-0.225,0.063,1.127
-0.201,0.034,1.07
-0.174,-0.008,1.021
-0.164,-0.002,1.021
-0.142,0.039,1.045
-0.143,0.094,1.07
-0.158,0.103,1.126
-0.18,0.088,1.144
-0.176,0.068,1.095
-0.12,0.036,1
-0.082,0.023,0.911
-0.063,0.003,0.927
-0.081,-0.013,0.976
-0.077,0.011,1.01
-0.075,0.019,1.046
-0.059,-0.026,0.981
-0.027,-0.091,0.921
-0.005,-0.12,0.9
-0.001,-0.14,0.912
0,-0.127,0.91
0.022,-0.109,0.888
0.046,-0.141,0.851
0.063,-0.171,0.796
0.08,-0.206,0.747
0.092,-0.216,0.713
0.11,-0.191,0.729
0.111,-0.186,0.742
0.115,-0.208,0.747
0.113,-0.204,0.791
0.136,-0.161,0.814
0.12,-0.168,0.851
0.116,-0.193,0.876
0.117,-0.176,0.885
0.12,-0.146,0.905
0.112,-0.169,0.883
0.117,-0.189,0.86
0.114,-0.199,0.832
0.109,-0.175,0.796
0.085,-0.165,0.778
0.066,-0.173,0.722
0.047,-0.175,0.674
0.037,-0.141,0.646
0.032,-0.127,0.65
0.011,-0.127,0.667
-0.01,-0.113,0.713
-0.037,-0.101,0.757
-0.046,-0.11,0.815
-0.079,-0.089,0.848
-0.082,-0.039,0.861
-0.111,-0.031,0.922
-0.13,-0.02,0.971
-0.164,-0.029,0.979
-0.218,-0.074,1.011
-0.229,-0.076,1.074
-0.238,0.022,1.113
-0.215,0.068,1.093
-0.218,0.037,1.094
-0.236,-0.006,1.112
-0.291,-0.027,1.242
-0.238,-0.068,1.195
-0.279,-0.097,1.244
-0.294,-0.066,1.276
-0.251,-0.041,1.244
-0.256,-0.035,1.255
-0.246,-0.034,1.247
-0.205,-0.002,1.138
-0.171,-0.002,1.068
-0.175,-0.005,1.061
-0.172,-0.011,1.053
-0.171,-0.002,1.085
-0.15,0.012,1.063
-0.162,-0.006,1.092
-0.194,-0.057,1.147
-0.216,-0.097,1.157
-0.222,-0.103,1.154
-0.233,-0.089,1.157
-0.205,-0.081,1.153
-0.201,-0.098,1.143
-0.199,-0.052,1.156
-0.187,0.003,1.159
-0.187,0.005,1.191
-0.203,-0.029,1.263
-0.201,-0.035,1.267
-0.189,-0.056,1.252
-0.184,-0.048,1.24
-0.167,-0.027,1.175
-0.14,-0.007,1.156
-0.145,-0.017,1.146
-0.157,-0.033,1.168
-0.167,-0.035,1.171
-0.174,-0.029,1.146
-0.179,-0.05,1.14
-0.206,-0.07,1.154
-0.204,-0.02,1.183
-0.202,-0.021,1.176
-0.187,-0.056,1.123
-0.155,-0.083,1.021
-0.114,-0.104,0.933
-0.081,-0.14,0.875
-0.061,-0.156,0.862
-0.053,-0.166,0.845
-0.027,-0.171,0.81
0.006,-0.151,0.754
0.026,-0.114,0.726
0.039,-0.087,0.71
0.035,-0.108,0.711
0.049,-0.138,0.675
0.071,-0.146,0.606
0.091,-0.168,0.554
0.087,-0.184,0.568
0.077,-0.176,0.64
0.054,-0.192,0.699
0.027,-0.172,0.763
0.003,-0.161,0.813
-0.021,-0.175,0.846
-0.017,-0.187,0.859
0.004,-0.203,0.833
0.009,-0.224,0.786
0.003,-0.239,0.767
-0.024,-0.248,0.811
-0.055,-0.229,0.858
-0.08,-0.204,0.845
-0.104,-0.192,0.828
-0.108,-0.206,0.797
-0.126,-0.198,0.776
-0.138,-0.157,0.818
-0.142,-0.111,0.843
-0.136,-0.088,0.816
-0.124,-0.002,0.824
-0.104,0.06,0.843
-0.104,0.075,0.852
-0.099,0.093,0.859
-0.107,0.064,0.896
-0.125,0.01,0.952
-0.163,0.019,1.009
-0.324,0.055,1.204
-0.201,0.105,1.169
-0.107,0.101,1.068
-0.204,0.101,1.215
-0.186,0.047,1.15
-0.166,-0.003,1.138
-0.179,0.026,1.154
-0.219,0.088,1.245
-0.242,0.072,1.324
-0.254,0.038,1.356
-0.262,-0.033,1.346
-0.267,-0.097,1.332
-0.282,-0.069,1.363
-0.303,-0.043,1.411
-0.318,-0.046,1.409
-0.289,-0.008,1.32
-0.283,-0.043,1.245
-0.271,-0.082,1.149
-0.246,-0.054,1.085
-0.235,-0.035,1.057
-0.273,-0.02,1.137
-0.282,0.005,1.152
-0.269,0.017,1.127
-0.242,0.013,1.117
-0.22,0.024,1.144
-0.212,0.007,1.171
-0.228,0.03,1.246
-0.234,0.031,1.283
-0.239,0.05,1.308
-0.237,0.046,1.313
-0.212,0.058,1.275
-0.191,0.048,1.207
-0.165,0.025,1.118
-0.142,0.02,1.037
-0.117,0.003,0.997
-0.106,-0.042,0.955
-0.083,-0.078,0.917
-0.085,-0.062,0.886
-0.08,-0.043,0.851
-0.104,-0.033,0.892
-0.115,0.022,0.878
-0.094,0.042,0.831
-0.067,0.039,0.784
-0.045,-0.027,0.722
-0.03,-0.108,0.674
-0.011,-0.057,0.734
0.011,-0.033,0.682
0.029,-0.09,0.67
0.021,-0.133,0.643
0.023,-0.146,0.651
0.004,-0.129,0.693
0.01,-0.124,0.696
0.02,-0.169,0.675
0.024,-0.204,0.671
0.015,-0.229,0.692
0.008,-0.22,0.746
-0.001,-0.166,0.794
0.011,-0.136,0.813
-0.009,-0.15,0.815
-0.044,-0.193,0.844
-0.075,-0.138,0.888
-0.086,-0.118,0.907
-0.093,-0.141,0.897
-0.1,-0.155,0.9
-0.102,-0.148,0.919
-0.093,-0.086,0.915
-0.078,-0.039,0.945
-0.093,-0.054,0.959
-0.085,-0.063,0.931
-0.066,-0.049,0.873
-0.066,-0.025,0.864
-0.112,0.01,0.95
-0.167,0.042,1.109
-0.175,0.039,1.147
-0.18,0.045,1.122
-0.177,0.068,1.098
-0.211,0.03,1.202
-0.189,0.008,1.17
-0.228,-0.009,1.213
-0.224,0,1.236
-0.208,-0.02,1.228
-0.183,-0.005,1.203
-0.171,-0.006,1.137
-0.153,-0.019,1.101
-0.167,-0.032,1.104
-0.175,-0.057,1.128
-0.171,-0.06,1.138
-0.175,-0.017,1.107
-0.153,0.009,1.092
-0.169,0,1.062
-0.188,-0.01,1.107
-0.215,-0.06,1.1
-0.218,-0.093,1.104
-0.218,-0.095,1.077
-0.241,-0.109,1.102
-0.264,-0.079,1.122
-0.275,-0.065,1.14
-0.262,-0.073,1.105
-0.269,-0.102,1.088
-0.271,-0.038,1.1
-0.278,-0.014,1.118
-0.274,-0.019,1.104
-0.27,-0.053,1.065
-0.243,-0.071,1.022
-0.237,-0.066,1.041
-0.213,-0.048,1.07
-0.196,-0.042,1.049
-0.175,-0.05,1.041
-0.178,-0.019,1.11
-0.189,-0.015,1.159
-0.169,-0.037,1.151
-0.138,-0.026,1.09
-0.112,0.002,1.077
-0.084,0.013,1.072
-0.076,0,1.089
-0.058,-0.011,1.129
-0.051,0.02,1.164
-0.071,0.066,1.206
-0.101,0.083,1.208
-0.114,0.081,1.191
-0.123,0.055,1.202
-0.121,0.049,1.187
-0.105,0.048,1.127
-0.073,0.037,1.01
-0.048,0.001,0.92
-0.021,-0.034,0.865
0.002,-0.068,0.856
0.008,-0.084,0.817
0.027,-0.114,0.786
0.042,-0.152,0.723
0.053,-0.134,0.735
0.061,-0.062,0.761
0.079,-0.063,0.738
0.104,-0.111,0.661
0.148,-0.155,0.588
0.142,-0.174,0.603
0.141,-0.152,0.652
0.139,-0.173,0.647
0.156,-0.176,0.623
0.143,-0.187,0.628
0.132,-0.155,0.658
0.137,-0.156,0.7
0.122,-0.159,0.742
0.1,-0.133,0.829
0.071,-0.088,0.885
0.06,-0.095,0.932
0.053,-0.08,0.928
0.057,-0.091,0.913
0.051,-0.12,0.905
0.039,-0.155,0.894
0.02,-0.149,0.895
0.013,-0.09,0.896
-0.003,-0.049,0.914
-0.003,-0.047,0.908
0.016,-0.054,0.854
0.017,-0.066,0.807
0.005,-0.091,0.805
-0.036,-0.125,0.854
-0.08,-0.146,0.942
-0.111,-0.044,1.017
-0.121,0.044,1.051
-0.119,0.068,0.999
-0.112,0.007,0.969
-0.123,0.003,0.974
-0.18,0.036,1.078
-0.365,0.157,1.232
-0.289,0.035,1.173
-0.232,-0.051,1.097
-0.278,-0.032,1.135
-0.326,0.028,1.219
-0.384,0.008,1.329
-0.38,-0.018,1.35
-0.367,-0.053,1.288
-0.328,-0.063,1.185
-0.318,-0.062,1.142
-0.312,-0.075,1.131
-0.308,-0.062,1.144
-0.301,-0.057,1.118
-0.294,-0.074,1.104
-0.273,-0.057,1.097
-0.256,-0.02,1.085
-0.229,-0.009,1.044
-0.22,-0.038,0.993
-0.218,-0.036,1.015
-0.234,-0.011,1.082
-0.246,-0.017,1.104
-0.255,0,1.15
-0.225,0.031,1.098
-0.224,0,1.075
-0.208,-0.02,1.066
-0.218,-0.027,1.09
-0.23,0.013,1.128
-0.21,0.005,1.071
-0.203,-0.028,1.055
-0.221,-0.061,1.123
-0.225,-0.044,1.148
-0.192,-0.003,1.126
-0.172,-0.009,1.101
-0.159,-0.031,1.11
-0.144,-0.048,1.083
-0.154,-0.029,1.105
-0.15,-0.031,1.132
-0.155,-0.077,1.141
-0.153,-0.091,1.133
-0.135,-0.07,1.149
-0.127,-0.058,1.16
-0.094,-0.016,1.121
-0.063,-0.008,1.048
-0.047,0.026,1.03
-0.038,0.078,1.014
-0.047,0.088,0.988
-0.04,0.052,0.924
-0.031,-0.001,0.844
0.012,-0.055,0.719
0.034,-0.053,0.652
0.028,0.016,0.651
0.028,0.03,0.659
0.037,-0.023,0.638
0.021,-0.071,0.638
0.026,-0.09,0.648
0.021,-0.043,0.67
0.025,0.013,0.685
0.025,0.035,0.749
0.015,0.035,0.791
0.02,-0.006,0.775
0.03,-0.044,0.776
0.039,-0.011,0.754
0.046,0.014,0.745
0.03,0.024,0.763
-0.006,0.008,0.826
-0.02,0.039,0.835
-0.04,0.054,0.867
-0.041,0.149,0.872
-0.062,0.178,0.914
-0.106,0.068,1.004
-0.153,-0.072,1.083
-0.17,-0.137,1.109
-0.167,-0.087,1.115
-0.163,0.02,1.152
-0.176,0.021,1.257
-0.179,-0.017,1.301
-0.157,-0.015,1.228
-0.123,-0.027,1.191
-0.101,-0.017,1.187
-0.064,0.104,1.222
-0.079,0.127,1.215
-0.031,0.137,1.205
-0.056,0.095,1.182
-0.067,0.046,1.233
-0.071,0.085,1.214
-0.055,0.117,1.146
-0.04,0.129,1.061
-0.045,0.097,1.026
-0.081,0.084,1.05
-0.114,0.057,1.081
-0.124,0.065,1.093
-0.139,0.097,1.07
-0.141,0.113,1.066
-0.17,0.069,1.091
-0.182,0.04,1.081
-0.198,0.054,1.07
-0.201,0.058,1.054
-0.201,0.039,1.042
-0.194,0.023,1.055
-0.182,0.016,1.082
-0.164,0.029,1.049
-0.152,0.03,0.973
-0.134,0.012,0.963
-0.145,0.021,1.04
-0.132,0.066,1.044
-0.12,0.069,0.961
-0.092,0.046,0.917
-0.078,0.025,0.93
-0.082,0.041,0.979
-0.068,0.063,0.986
-0.058,0.056,0.939
-0.04,0.027,0.911
-0.037,-0.019,0.917
-0.025,-0.02,0.935
-0.017,-0.002,0.943
-0.008,0.011,0.947
-0.006,0.007,0.933
0.006,-0.002,0.944
0.002,0.004,0.971
0.009,0.015,0.972
0.019,0.015,0.964
0.018,0.016,0.991
0.023,0.024,1.018
0.027,0.013,1.005
0.047,0.004,0.967
0.05,-0.02,0.982
0.038,-0.002,0.986
0.037,0.022,1.001
0.036,0.021,1.02
0.039,0.027,1.026
0.045,0.023,1.019
0.043,0.03,1.024
0.047,0.002,1.012
0.048,-0.041,1.034
0.054,-0.077,1.035
0.074,-0.065,1.041
0.091,-0.054,1.06
0.087,-0.026,1.061
0.085,-0.026,1.04
0.085,-0.031,1.041
0.086,-0.004,1.077
0.092,0.031,1.127
0.054,-0.003,1.104
0.105,-0.016,1.062
0.11,-0.012,1.012
0.023,-0.046,1.044
0.159,0.003,0.93
0.189,0.009,0.652
0.342,0.187,0.888
-0.003,0.22,1.144
-0.125,0.126,1.187
-0.162,-0.049,1.013
-0.175,-0.31,1.147
-0.058,-0.102,1.19
0.022,-0.041,1.008
0.175,-0.074,0.808
0.091,-0.1,0.607
0.049,0.24,0.973
0.104,0.301,1.353
0.065,0.206,1.058
0.153,0.167,0.96
0.094,-0.037,0.883
0.116,-0.128,0.902
0.098,-0.083,0.921
0.042,-0.041,1.018
0.213,0.026,1.009
0.174,-0.006,0.832
0.257,-0.358,0.819
0.229,-0.473,0.886
0.321,-0.069,0.69
0.208,0.171,0.978
0.017,0.007,0.765
-0.132,-0.204,1.493
0.005,-0.235,1.189
0.032,-0.247,1.27